Index,X_Coordinate,Y_Coordinate,Phase_Error
1,1.0745,4.5106,0.005828163189
2,1.0851,4.5106,0.00225606317
3,1.0851,4.5213,0.00225606317
4,1.0957,4.5213,-0.001316036849
5,1.0957,4.5426,-0.001316036849
6,1.1064,4.5426,0.00451212634
7,1.1064,4.5532,0.00451212634
8,1.117,4.5532,0.0009400263207
9,1.117,4.5745,0.0009400263207
10,1.1277,4.5745,0.006768189509
11,1.1277,4.5851,0.006768189509
12,1.1383,4.5851,0.003196089491
13,1.1383,4.6064,0.003196089491
14,1.1489,4.6064,-0.0003760105283
15,1.1489,4.617,-0.0003760105283
16,1.1596,4.617,0.00545215266
17,1.1596,4.6383,0.00545215266
18,1.1702,4.6383,0.001880052641
19,1.1702,4.6489,0.001880052641
20,1.1809,4.6489,0.00770821583
21,1.1809,4.6702,0.00770821583
22,1.1915,4.6702,0.004136115811
23,1.1915,4.6809,0.004136115811
24,1.2021,4.6809,0.0005640157924
25,1.2021,4.7021,0.0005640157924
26,1.2128,4.7021,0.006392178981
27,1.2128,4.734,0.006392178981
28,1.2234,4.734,0.002820078962
29,1.2234,4.7766,0.002820078962
30,1.234,4.7766,-0.0007520210566
31,1.234,4.7872,-0.0007520210566
32,1.2447,4.7872,0.005076142132
33,1.2447,4.8298,0.005076142132
34,1.2553,4.8298,0.001504042113
35,1.2553,4.8511,0.001504042113
36,1.266,4.8511,0.007332205302
37,1.266,4.8936,0.007332205302
38,1.2766,4.8936,0.003760105283
39,1.2766,4.9149,0.003760105283
40,1.2872,4.9149,0.0001880052641
41,1.2872,4.9362,0.0001880052641
42,1.2979,4.9362,0.006016168453
43,1.2979,4.9574,0.006016168453
44,1.3085,4.9574,0.002444068434
45,1.3085,4.9787,0.002444068434
46,1.3191,4.9787,-0.001128031585
47,1.3191,5.0106,-0.001128031585
48,1.3298,5.0106,0.004700131604
49,1.3298,5.0319,0.004700131604
50,1.3404,5.0319,0.001128031585
51,1.3404,5.0638,0.001128031585
52,1.3511,5.0638,0.006956194773
53,1.3511,5.0957,0.006956194773
54,1.3617,5.0957,0.003384094755
55,1.3617,5.117,0.003384094755
56,1.3723,5.117,-0.0001880052641
57,1.3723,5.1383,-0.0001880052641
58,1.383,5.1383,0.005640157924
59,1.383,5.1489,0.005640157924
60,1.3936,5.1489,0.002068057906
61,1.3936,5.1702,0.002068057906
62,1.4043,5.1702,0.007896221094
63,1.4043,5.1809,0.007896221094
64,1.4149,5.1809,0.004324121075
65,1.4149,5.2128,0.004324121075
66,1.4255,5.2128,0.0007520210566
67,1.4255,5.234,0.0007520210566
68,1.4362,5.234,0.006580184245
69,1.4362,5.2553,0.006580184245
70,1.4468,5.2553,0.003008084226
71,1.4468,5.2766,0.003008084226
72,1.4574,5.2766,-0.0005640157924
73,1.4574,5.2872,-0.0005640157924
74,1.4681,5.2872,0.005264147396
75,1.4681,5.3191,0.005264147396
76,1.4787,5.3191,0.001692047377
77,1.4787,5.3511,0.001692047377
78,1.4894,5.3511,0.007520210566
79,1.4894,5.383,0.007520210566
80,1.5,5.383,0.003948110547
81,1.5,5.4043,0.003948110547
82,1.5106,5.4043,0.0003760105283
83,1.5106,5.4255,0.0003760105283
84,1.5213,5.4255,0.006204173717
85,1.5213,5.4468,0.006204173717
86,1.5319,5.4468,0.002632073698
87,1.5319,5.4787,0.002632073698
88,1.5426,5.4787,0.008460236887
89,1.5426,5.5,0.008460236887
90,1.5532,5.5,0.004888136868
91,1.5532,5.5319,0.004888136868
92,1.5638,5.5319,0.001316036849
93,1.5638,5.5638,0.001316036849
94,1.5745,5.5638,0.007144200038
95,1.5745,5.5851,0.007144200038
96,1.5851,5.5851,0.003572100019
97,1.5851,5.6064,0.003572100019
98,1.5957,5.6064,0
99,1.5957,5.6277,0
100,1.6064,5.6277,0.005828163189
101,1.6064,5.6383,0.005828163189
102,1.617,5.6383,0.00225606317
103,1.617,5.6596,0.00225606317
104,1.6277,5.6596,0.008084226358
105,1.6277,5.6702,0.008084226358
106,1.6383,5.6702,0.00451212634
107,1.6383,5.6915,0.00451212634
108,1.6489,5.6915,0.0009400263207
109,1.6489,5.7128,0.0009400263207
110,1.6596,5.7128,0.006768189509
111,1.6596,5.734,0.006768189509
112,1.6702,5.734,0.003196089491
113,1.6702,5.7553,0.003196089491
114,1.6809,5.7553,0.009024252679
115,1.6809,5.7872,0.009024252679
116,1.6915,5.7872,0.00545215266
117,1.6915,5.7979,0.00545215266
118,1.7021,5.7979,0.001880052641
119,1.7021,5.8191,0.001880052641
120,1.7128,5.8191,0.00770821583
121,1.7128,5.8404,0.00770821583
122,1.7234,5.8404,0.004136115811
123,1.7234,5.8511,0.004136115811
124,1.734,5.8511,0.0005640157924
125,1.734,5.8723,0.0005640157924
126,1.7447,5.8723,0.006392178981
127,1.7447,5.8936,0.006392178981
128,1.7553,5.8936,0.002820078962
129,1.7553,5.9149,0.002820078962
130,1.766,5.9149,0.008648242151
131,1.766,5.9255,0.008648242151
132,1.7766,5.9255,0.005076142132
133,1.7766,5.9468,0.005076142132
134,1.7872,5.9468,0.001504042113
135,1.7872,5.9787,0.001504042113
136,1.7979,5.9787,0.007332205302
137,1.7979,6.0106,0.007332205302
138,1.8085,6.0106,0.003760105283
139,1.8085,6.0319,0.003760105283
140,1.8191,6.0319,0.0001880052641
141,1.8191,6.0532,0.0001880052641
142,1.8298,6.0532,0.006016168453
143,1.8298,6.0745,0.006016168453
144,1.8404,6.0745,0.002444068434
145,1.8404,6.0957,0.002444068434
146,1.8511,6.0957,0.008272231622
147,1.8511,6.1064,0.008272231622
148,1.8617,6.1064,0.004700131604
149,1.8617,6.1277,0.004700131604
150,1.8723,6.1277,0.001128031585
151,1.8723,6.1489,0.001128031585
152,1.883,6.1489,0.006956194773
153,1.883,6.1702,0.006956194773
154,1.8936,6.1702,0.003384094755
155,1.8936,6.1915,0.003384094755
156,1.9043,6.1915,0.009212257943
157,1.9043,6.2234,0.009212257943
158,1.9149,6.2234,0.005640157924
159,1.9149,6.266,0.005640157924
160,1.9255,6.266,0.002068057906
161,1.9255,6.2872,0.002068057906
162,1.9362,6.2872,0.007896221094
163,1.9362,6.3085,0.007896221094
164,1.9468,6.3085,0.004324121075
165,1.9468,6.3298,0.004324121075
166,1.9574,6.3298,0.0007520210566
167,1.9574,6.3404,0.0007520210566
168,1.9681,6.3404,0.006580184245
169,1.9681,6.3617,0.006580184245
170,1.9787,6.3617,0.003008084226
171,1.9787,6.383,0.003008084226
172,1.9894,6.383,0.008836247415
173,1.9894,6.4043,0.008836247415
174,2,6.4043,0.005264147396
175,2,6.4362,0.005264147396
176,2.0106,6.4362,0.001692047377
177,2.0106,6.4681,0.001692047377
178,2.0213,6.4681,0.007520210566
179,2.0213,6.4894,0.007520210566
180,2.0319,6.4894,0.003948110547
181,2.0319,6.5213,0.003948110547
182,2.0426,6.5213,0.009776273736
183,2.0426,6.5426,0.009776273736
184,2.0532,6.5426,0.006204173717
185,2.0532,6.5745,0.006204173717
186,2.0638,6.5745,0.002632073698
187,2.0638,6.5957,0.002632073698
188,2.0745,6.5957,0.008460236887
189,2.0745,6.617,0.008460236887
190,2.0851,6.617,0.004888136868
191,2.0851,6.6383,0.004888136868
192,2.0957,6.6383,0.001316036849
193,2.0957,6.6596,0.001316036849
194,2.1064,6.6596,0.007144200038
195,2.1064,6.6809,0.007144200038
196,2.117,6.6809,0.003572100019
197,2.117,6.7021,0.003572100019
198,2.1277,6.7021,0.009400263207
199,2.1277,6.7234,0.009400263207
200,2.1383,6.7234,0.005828163189
201,2.1383,6.7447,0.005828163189
202,2.1489,6.7447,0.00225606317
203,2.1489,6.7766,0.00225606317
204,2.1596,6.7766,0.008084226358
205,2.1596,6.8085,0.008084226358
206,2.1702,6.8085,0.00451212634
207,2.1702,6.8298,0.00451212634
208,2.1809,6.8298,0.01034028953
209,2.1809,6.8511,0.01034028953
210,2.1915,6.8511,0.006768189509
211,2.1915,6.8723,0.006768189509
212,2.2021,6.8723,0.003196089491
213,2.2021,6.8936,0.003196089491
214,2.2128,6.8936,0.009024252679
215,2.2128,6.9149,0.009024252679
216,2.2234,6.9149,0.00545215266
217,2.2234,6.9574,0.00545215266
218,2.234,6.9574,0.001880052641
219,2.234,6.9894,0.001880052641
220,2.2447,6.9894,0.00770821583
221,2.2447,7.0319,0.00770821583
222,2.2553,7.0319,0.004136115811
223,2.2553,7.0532,0.004136115811
224,2.266,7.0532,0.009964279
225,2.266,7.0745,0.009964279
226,2.2766,7.0745,0.006392178981
227,2.2766,7.0957,0.006392178981
228,2.2872,7.0957,0.002820078962
229,2.2872,7.117,0.002820078962
230,2.2979,7.117,0.008648242151
231,2.2979,7.1383,0.008648242151
232,2.3085,7.1383,0.005076142132
233,2.3085,7.1596,0.005076142132
234,2.3191,7.1596,0.001504042113
235,2.3191,7.1809,0.001504042113
236,2.3298,7.1809,0.007332205302
237,2.3298,7.2128,0.007332205302
238,2.3404,7.2128,0.003760105283
239,2.3404,7.234,0.003760105283
240,2.3511,7.234,0.009588268472
241,2.3511,7.2553,0.009588268472
242,2.3617,7.2553,0.006016168453
243,2.3617,7.266,0.006016168453
244,2.3723,7.266,0.002444068434
245,2.3723,7.2766,0.002444068434
246,2.383,7.2766,0.008272231622
247,2.383,7.2979,0.008272231622
248,2.3936,7.2979,0.004700131604
249,2.3936,7.3085,0.004700131604
250,2.4043,7.3085,0.01052829479
251,2.4043,7.3298,0.01052829479
252,2.4149,7.3298,0.006956194773
253,2.4149,7.3404,0.006956194773
254,2.4255,7.3404,0.003384094755
255,2.4255,7.3617,0.003384094755
256,2.4362,7.3617,0.009212257943
257,2.4362,7.3936,0.009212257943
258,2.4468,7.3936,0.005640157924
259,2.4468,7.4149,0.005640157924
260,2.4574,7.4149,0.002068057906
261,2.4574,7.4362,0.002068057906
262,2.4681,7.4362,0.007896221094
263,2.4681,7.4574,0.007896221094
264,2.4787,7.4574,0.004324121075
265,2.4787,7.4894,0.004324121075
266,2.4894,7.4894,0.01015228426
267,2.4894,7.5106,0.01015228426
268,2.5,7.5106,0.006580184245
269,2.5,7.5426,0.006580184245
270,2.5106,7.5426,0.003008084226
271,2.5106,7.5745,0.003008084226
272,2.5213,7.5745,0.008836247415
273,2.5213,7.5957,0.008836247415
274,2.5319,7.5957,0.005264147396
275,2.5319,7.6277,0.005264147396
276,2.5426,7.6277,0.01109231058
277,2.5426,7.6489,0.01109231058
278,2.5532,7.6489,0.007520210566
279,2.5532,7.6702,0.007520210566
280,2.5638,7.6702,0.003948110547
281,2.5638,7.7021,0.003948110547
282,2.5745,7.7021,0.009776273736
283,2.5745,7.7234,0.009776273736
284,2.5851,7.7234,0.006204173717
285,2.5851,7.7553,0.006204173717
286,2.5957,7.7553,0.002632073698
287,2.5957,7.7766,0.002632073698
288,2.6064,7.7766,0.008460236887
289,2.6064,7.7979,0.008460236887
290,2.617,7.7979,0.004888136868
291,2.617,7.8191,0.004888136868
292,2.6277,7.8191,0.01071630006
293,2.6277,7.8404,0.01071630006
294,2.6383,7.8404,0.007144200038
295,2.6383,7.8511,0.007144200038
296,2.6489,7.8511,0.003572100019
297,2.6489,7.8723,0.003572100019
298,2.6596,7.8723,0.009400263207
299,2.6596,7.883,0.009400263207
300,2.6702,7.883,0.005828163189
301,2.6702,7.9149,0.005828163189
302,2.6809,7.9149,0.01165632638
303,2.6809,7.9362,0.01165632638
304,2.6915,7.9362,0.008084226358
305,2.6915,7.9574,0.008084226358
306,2.7021,7.9574,0.00451212634
307,2.7021,7.9787,0.00451212634
308,2.7128,7.9787,0.01034028953
309,2.7128,8.0106,0.01034028953
310,2.7234,8.0106,0.006768189509
311,2.7234,8.0213,0.006768189509
312,2.734,8.0213,0.003196089491
313,2.734,8.0426,0.003196089491
314,2.7447,8.0426,0.009024252679
315,2.7447,8.0638,0.009024252679
316,2.7553,8.0638,0.00545215266
317,2.7553,8.0851,0.00545215266
318,2.766,8.0851,0.01128031585
319,2.766,8.0957,0.01128031585
320,2.7766,8.0957,0.00770821583
321,2.7766,8.117,0.00770821583
322,2.7872,8.117,0.004136115811
323,2.7872,8.1489,0.004136115811
324,2.7979,8.1489,0.009964279
325,2.7979,8.1702,0.009964279
326,2.8085,8.1702,0.006392178981
327,2.8085,8.2021,0.006392178981
328,2.8191,8.2021,0.002820078962
329,2.8191,8.2234,0.002820078962
330,2.8298,8.2234,0.008648242151
331,2.8298,8.2553,0.008648242151
332,2.8404,8.2553,0.005076142132
333,2.8404,8.2766,0.005076142132
334,2.8511,8.2766,0.01090430532
335,2.8511,8.3085,0.01090430532
336,2.8617,8.3085,0.007332205302
337,2.8617,8.3298,0.007332205302
338,2.8723,8.3298,0.003760105283
339,2.8723,8.3511,0.003760105283
340,2.883,8.3511,0.009588268472
341,2.883,8.3617,0.009588268472
342,2.8936,8.3617,0.006016168453
343,2.8936,8.3936,0.006016168453
344,2.9043,8.3936,0.01184433164
345,2.9043,8.4043,0.01184433164
346,2.9149,8.4043,0.008272231622
347,2.9149,8.4255,0.008272231622
348,2.9255,8.4255,0.004700131604
349,2.9255,8.4468,0.004700131604
350,2.9362,8.4468,0.01052829479
351,2.9362,8.4681,0.01052829479
352,2.9468,8.4681,0.006956194773
353,2.9468,8.4894,0.006956194773
354,2.9574,8.4894,0.003384094755
355,2.9574,8.5106,0.003384094755
356,2.9681,8.5106,0.009212257943
357,2.9681,8.5319,0.009212257943
358,2.9787,8.5319,0.005640157924
359,2.9787,8.5532,0.005640157924
360,2.9894,8.5532,0.01146832111
361,2.9894,8.5745,0.01146832111
362,3,8.5745,0.007896221094
363,3,8.5957,0.007896221094
364,3.0106,8.5957,0.004324121075
365,3.0106,8.617,0.004324121075
366,3.0213,8.617,0.01015228426
367,3.0213,8.6489,0.01015228426
368,3.0319,8.6489,0.006580184245
369,3.0319,8.6702,0.006580184245
370,3.0426,8.6702,0.01240834743
371,3.0426,8.6915,0.01240834743
372,3.0532,8.6915,0.008836247415
373,3.0532,8.7234,0.008836247415
374,3.0638,8.7234,0.005264147396
375,3.0638,8.766,0.005264147396
376,3.0745,8.766,0.01109231058
377,3.0745,8.7872,0.01109231058
378,3.0851,8.7872,0.007520210566
379,3.0851,8.8085,0.007520210566
380,3.0957,8.8085,0.003948110547
381,3.0957,8.8404,0.003948110547
382,3.1064,8.8404,0.009776273736
383,3.1064,8.8723,0.009776273736
384,3.117,8.8723,0.006204173717
385,3.117,8.8936,0.006204173717
386,3.1277,8.8936,0.01203233691
387,3.1277,8.9149,0.01203233691
388,3.1383,8.9149,0.008460236887
389,3.1383,8.9362,0.008460236887
390,3.1489,8.9362,0.004888136868
391,3.1489,8.9468,0.004888136868
392,3.1596,8.9468,0.01071630006
393,3.1596,8.9681,0.01071630006
394,3.1702,8.9681,0.007144200038
395,3.1702,8.9894,0.007144200038
396,3.1809,8.9894,0.01297236323
397,3.1809,9.0106,0.01297236323
398,3.1915,9.0106,0.009400263207
399,3.1915,9.0426,0.009400263207
400,3.2021,9.0426,0.005828163189
401,3.2021,9.0532,0.005828163189
402,3.2128,9.0532,0.01165632638
403,3.2128,9.0851,0.01165632638
404,3.2234,9.0851,0.008084226358
405,3.2234,9.1064,0.008084226358
406,3.234,9.1064,0.00451212634
407,3.234,9.1277,0.00451212634
408,3.2447,9.1277,0.01034028953
409,3.2447,9.1596,0.01034028953
410,3.2553,9.1596,0.006768189509
411,3.2553,9.1915,0.006768189509
412,3.266,9.1915,0.0125963527
413,3.266,9.2128,0.0125963527
414,3.2766,9.2128,0.009024252679
415,3.2766,9.2447,0.009024252679
416,3.2872,9.2447,0.00545215266
417,3.2872,9.266,0.00545215266
418,3.2979,9.266,0.01128031585
419,3.2979,9.2872,0.01128031585
420,3.3085,9.2872,0.00770821583
421,3.3085,9.3085,0.00770821583
422,3.3191,9.3085,0.004136115811
423,3.3191,9.3298,0.004136115811
424,3.3298,9.3298,0.009964279
425,3.3298,9.3511,0.009964279
426,3.3404,9.3511,0.006392178981
427,3.3404,9.3723,0.006392178981
428,3.3511,9.3723,0.01222034217
429,3.3511,9.3936,0.01222034217
430,3.3617,9.3936,0.008648242151
431,3.3617,9.4043,0.008648242151
432,3.3723,9.4043,0.005076142132
433,3.3723,9.4362,0.005076142132
434,3.383,9.4362,0.01090430532
435,3.383,9.4574,0.01090430532
436,3.3936,9.4574,0.007332205302
437,3.3936,9.4787,0.007332205302
438,3.4043,9.4787,0.01316036849
439,3.4043,9.5,0.01316036849
440,3.4149,9.5,0.009588268472
441,3.4149,9.5106,0.009588268472
442,3.4255,9.5106,0.006016168453
443,3.4255,9.5319,0.006016168453
444,3.4362,9.5319,0.01184433164
445,3.4362,9.5532,0.01184433164
446,3.4468,9.5532,0.008272231622
447,3.4468,9.5745,0.008272231622
448,3.4574,9.5745,0.004700131604
449,3.4574,9.5957,0.004700131604
450,3.4681,9.5957,0.01052829479
451,3.4681,9.617,0.01052829479
452,3.4787,9.617,0.006956194773
453,3.4787,9.6383,0.006956194773
454,3.4894,9.6383,0.01278435796
455,3.4894,9.6596,0.01278435796
456,3.5,9.6596,0.009212257943
457,3.5,9.6915,0.009212257943
458,3.5106,9.6915,0.005640157924
459,3.5106,9.7128,0.005640157924
460,3.5213,9.7128,0.01146832111
461,3.5213,9.7553,0.01146832111
462,3.5319,9.7553,0.007896221094
463,3.5319,9.7766,0.007896221094
464,3.5426,9.7766,0.01372438428
465,3.5426,9.8085,0.01372438428
466,3.5532,9.8085,0.01015228426
467,3.5532,9.8298,0.01015228426
468,3.5638,9.8298,0.006580184245
469,3.5638,9.8511,0.006580184245
470,3.5745,9.8511,0.01240834743
471,3.5745,9.8723,0.01240834743
472,3.5851,9.8723,0.008836247415
473,3.5851,9.8936,0.008836247415
474,3.5957,9.8936,0.005264147396
475,3.5957,9.9149,0.005264147396
476,3.6064,9.9149,0.01109231058
477,3.6064,9.9362,0.01109231058
478,3.617,9.9362,0.007520210566
479,3.617,9.9574,0.007520210566
480,3.6277,9.9574,0.01334837375
481,3.6277,9.9681,0.01334837375
482,3.6383,9.9681,0.009776273736
483,3.6383,9.9894,0.009776273736
484,3.6489,9.9894,0.006204173717
485,3.6489,10,0.006204173717
486,3.6596,10,0.01203233691
487,3.6596,10.0213,0.01203233691
488,3.6702,10.0213,0.008460236887
489,3.6702,10.0426,0.008460236887
490,3.6809,10.0426,0.01428840008
491,3.6809,10.0638,0.01428840008
492,3.6915,10.0638,0.01071630006
493,3.6915,10.1064,0.01071630006
494,3.7021,10.1064,0.007144200038
495,3.7021,10.1489,0.007144200038
496,3.7128,10.1489,0.01297236323
497,3.7128,10.1702,0.01297236323
498,3.7234,10.1702,0.009400263207
499,3.7234,10.2021,0.009400263207
500,3.734,10.2021,0.005828163189
501,3.734,10.2234,0.005828163189
502,3.7447,10.2234,0.01165632638
503,3.7447,10.234,0.01165632638
504,3.7553,10.234,0.008084226358
505,3.7553,10.2553,0.008084226358
506,3.766,10.2553,0.01391238955
507,3.766,10.2766,0.01391238955
508,3.7766,10.2766,0.01034028953
509,3.7766,10.2979,0.01034028953
510,3.7872,10.2979,0.006768189509
511,3.7872,10.3191,0.006768189509
512,3.7979,10.3191,0.0125963527
513,3.7979,10.3511,0.0125963527
514,3.8085,10.3511,0.009024252679
515,3.8085,10.3723,0.009024252679
516,3.8191,10.3723,0.00545215266
517,3.8191,10.3936,0.00545215266
518,3.8298,10.3936,0.01128031585
519,3.8298,10.4149,0.01128031585
520,3.8404,10.4149,0.00770821583
521,3.8404,10.4362,0.00770821583
522,3.8511,10.4362,0.01353637902
523,3.8511,10.4574,0.01353637902
524,3.8617,10.4574,0.009964279
525,3.8617,10.4787,0.009964279
526,3.8723,10.4787,0.006392178981
527,3.8723,10.5,0.006392178981
528,3.883,10.5,0.01222034217
529,3.883,10.5319,0.01222034217
530,3.8936,10.5319,0.008648242151
531,3.8936,10.5638,0.008648242151
532,3.9043,10.5638,0.01447640534
533,3.9043,10.5851,0.01447640534
534,3.9149,10.5851,0.01090430532
535,3.9149,10.617,0.01090430532
536,3.9255,10.617,0.007332205302
537,3.9255,10.6383,0.007332205302
538,3.9362,10.6383,0.01316036849
539,3.9362,10.6596,0.01316036849
540,3.9468,10.6596,0.009588268472
541,3.9468,10.6809,0.009588268472
542,3.9574,10.6809,0.006016168453
543,3.9574,10.6915,0.006016168453
544,3.9681,10.6915,0.01184433164
545,3.9681,10.7128,0.01184433164
546,3.9787,10.7128,0.008272231622
547,3.9787,10.734,0.008272231622
548,3.9894,10.734,0.01410039481
549,3.9894,10.7553,0.01410039481
550,4,10.7553,0.01052829479
551,4,10.7872,0.01052829479
552,4.0106,10.7872,0.006956194773
553,4.0106,10.8085,0.006956194773
554,4.0213,10.8085,0.01278435796
555,4.0213,10.8404,0.01278435796
556,4.0319,10.8404,0.009212257943
557,4.0319,10.8617,0.009212257943
558,4.0426,10.8617,0.01504042113
559,4.0426,10.883,0.01504042113
560,4.0532,10.883,0.01146832111
561,4.0532,10.9043,0.01146832111
562,4.0638,10.9043,0.007896221094
563,4.0638,10.9255,0.007896221094
564,4.0745,10.9255,0.01372438428
565,4.0745,10.9468,0.01372438428
566,4.0851,10.9468,0.01015228426
567,4.0851,10.9574,0.01015228426
568,4.0957,10.9574,0.006580184245
569,4.0957,10.9894,0.006580184245
570,4.1064,10.9894,0.01240834743
571,4.1064,11.0213,0.01240834743
572,4.117,11.0213,0.008836247415
573,4.117,11.0532,0.008836247415
574,4.1277,11.0532,0.0146644106
575,4.1277,11.0745,0.0146644106
576,4.1383,11.0745,0.01109231058
577,4.1383,11.0957,0.01109231058
578,4.1489,11.0957,0.007520210566
579,4.1489,11.117,0.007520210566
580,4.1596,11.117,0.01334837375
581,4.1596,11.1383,0.01334837375
582,4.1702,11.1383,0.009776273736
583,4.1702,11.1596,0.009776273736
584,4.1809,11.1596,0.01560443692
585,4.1809,11.1809,0.01560443692
586,4.1915,11.1809,0.01203233691
587,4.1915,11.2021,0.01203233691
588,4.2021,11.2021,0.008460236887
589,4.2021,11.2234,0.008460236887
590,4.2128,11.2234,0.01428840008
591,4.2128,11.2447,0.01428840008
592,4.2234,11.2447,0.01071630006
593,4.2234,11.2553,0.01071630006
594,4.234,11.2553,0.007144200038
595,4.234,11.2766,0.007144200038
596,4.2447,11.2766,0.01297236323
597,4.2447,11.3085,0.01297236323
598,4.2553,11.3085,0.009400263207
599,4.2553,11.3404,0.009400263207
600,4.266,11.3404,0.0152284264
601,4.266,11.3723,0.0152284264
602,4.2766,11.3723,0.01165632638
603,4.2766,11.3936,0.01165632638
604,4.2872,11.3936,0.008084226358
605,4.2872,11.4149,0.008084226358
606,4.2979,11.4149,0.01391238955
607,4.2979,11.4362,0.01391238955
608,4.3085,11.4362,0.01034028953
609,4.3085,11.4574,0.01034028953
610,4.3191,11.4574,0.006768189509
611,4.3191,11.4787,0.006768189509
612,4.3298,11.4787,0.0125963527
613,4.3298,11.5,0.0125963527
614,4.3404,11.5,0.009024252679
615,4.3404,11.5213,0.009024252679
616,4.3511,11.5213,0.01485241587
617,4.3511,11.5319,0.01485241587
618,4.3617,11.5319,0.01128031585
619,4.3617,11.5532,0.01128031585
620,4.3723,11.5532,0.00770821583
621,4.3723,11.5745,0.00770821583
622,4.383,11.5745,0.01353637902
623,4.383,11.5957,0.01353637902
624,4.3936,11.5957,0.009964279
625,4.3936,11.6277,0.009964279
626,4.4043,11.6277,0.01579244219
627,4.4043,11.6596,0.01579244219
628,4.4149,11.6596,0.01222034217
629,4.4149,11.6809,0.01222034217
630,4.4255,11.6809,0.008648242151
631,4.4255,11.7021,0.008648242151
632,4.4362,11.7021,0.01447640534
633,4.4362,11.7234,0.01447640534
634,4.4468,11.7234,0.01090430532
635,4.4468,11.7447,0.01090430532
636,4.4574,11.7447,0.007332205302
637,4.4574,11.7766,0.007332205302
638,4.4681,11.7766,0.01316036849
639,4.4681,11.8085,0.01316036849
640,4.4787,11.8085,0.009588268472
641,4.4787,11.8404,0.009588268472
642,4.4894,11.8404,0.01541643166
643,4.4894,11.8723,0.01541643166
644,4.5,11.8723,0.01184433164
645,4.5,11.8936,0.01184433164
646,4.5106,11.8936,0.008272231623
647,4.5106,11.9149,0.008272231623
648,4.5213,11.9149,0.01410039481
649,4.5213,11.9362,0.01410039481
650,4.5319,11.9362,0.01052829479
651,4.5319,11.9681,0.01052829479
652,4.5426,11.9681,0.01635645798
653,4.5426,11.9894,0.01635645798
654,4.5532,11.9894,0.01278435796
655,4.5532,12.0106,0.01278435796
656,4.5638,12.0106,0.009212257943
657,4.5638,12.0213,0.009212257943
658,4.5745,12.0213,0.01504042113
659,4.5745,12.0426,0.01504042113
660,4.5851,12.0426,0.01146832111
661,4.5851,12.0532,0.01146832111
662,4.5957,12.0532,0.007896221094
663,4.5957,12.0745,0.007896221094
664,4.6064,12.0745,0.01372438428
665,4.6064,12.0851,0.01372438428
666,4.617,12.0851,0.01015228426
667,4.617,12.1064,0.01015228426
668,4.6277,12.1064,0.01598044745
669,4.6277,12.1277,0.01598044745
670,4.6383,12.1277,0.01240834743
671,4.6383,12.1489,0.01240834743
672,4.6489,12.1489,0.008836247415
673,4.6489,12.1702,0.008836247415
674,4.6596,12.1702,0.0146644106
675,4.6596,12.2021,0.0146644106
676,4.6702,12.2021,0.01109231058
677,4.6702,12.2234,0.01109231058
678,4.6809,12.2234,0.01692047377
679,4.6809,12.2447,0.01692047377
680,4.6915,12.2447,0.01334837375
681,4.6915,12.266,0.01334837375
682,4.7021,12.266,0.009776273736
683,4.7021,12.2979,0.009776273736
684,4.7128,12.2979,0.01560443692
685,4.7128,12.3298,0.01560443692
686,4.7234,12.3298,0.01203233691
687,4.7234,12.3617,0.01203233691
688,4.734,12.3617,0.008460236887
689,4.734,12.3936,0.008460236887
690,4.7447,12.3936,0.01428840008
691,4.7447,12.4149,0.01428840008
692,4.7553,12.4149,0.01071630006
693,4.7553,12.4362,0.01071630006
694,4.766,12.4362,0.01654446324
695,4.766,12.4574,0.01654446324
696,4.7766,12.4574,0.01297236323
697,4.7766,12.4787,0.01297236323
698,4.7872,12.4787,0.009400263207
699,4.7872,12.5,0.009400263207
700,4.7979,12.5,0.0152284264
701,4.7979,12.5213,0.0152284264
702,4.8085,12.5213,0.01165632638
703,4.8085,12.5319,0.01165632638
704,4.8191,12.5319,0.008084226358
705,4.8191,12.5532,0.008084226358
706,4.8298,12.5532,0.01391238955
707,4.8298,12.5745,0.01391238955
708,4.8404,12.5745,0.01034028953
709,4.8404,12.5957,0.01034028953
710,4.8511,12.5957,0.01616845272
711,4.8511,12.617,0.01616845272
712,4.8617,12.617,0.0125963527
713,4.8617,12.6383,0.0125963527
714,4.8723,12.6383,0.009024252679
715,4.8723,12.6809,0.009024252679
716,4.883,12.6809,0.01485241587
717,4.883,12.7128,0.01485241587
718,4.8936,12.7128,0.01128031585
719,4.8936,12.7447,0.01128031585
720,4.9043,12.7447,0.01710847904
721,4.9043,12.7766,0.01710847904
722,4.9149,12.7766,0.01353637902
723,4.9149,12.7872,0.01353637902
724,4.9255,12.7872,0.009964279
725,4.9255,12.8085,0.009964279
726,4.9362,12.8085,0.01579244219
727,4.9362,12.8298,0.01579244219
728,4.9468,12.8298,0.01222034217
729,4.9468,12.8404,0.01222034217
730,4.9574,12.8404,0.008648242151
731,4.9574,12.8617,0.008648242151
732,4.9681,12.8617,0.01447640534
733,4.9681,12.883,0.01447640534
734,4.9787,12.883,0.01090430532
735,4.9787,12.8936,0.01090430532
736,4.9894,12.8936,0.01673246851
737,4.9894,12.9255,0.01673246851
738,5,12.9255,0.01316036849
739,5,12.9468,0.01316036849
740,5.0106,12.9468,0.009588268472
741,5.0106,12.9574,0.009588268472
742,5.0213,12.9574,0.01541643166
743,5.0213,12.9894,0.01541643166
744,5.0319,12.9894,0.01184433164
745,5.0319,13.0106,0.01184433164
746,5.0426,13.0106,0.01767249483
747,5.0426,13.0426,0.01767249483
748,5.0532,13.0426,0.01410039481
749,5.0532,13.0638,0.01410039481
750,5.0638,13.0638,0.01052829479
751,5.0638,13.0957,0.01052829479
752,5.0745,13.0957,0.01635645798
753,5.0745,13.117,0.01635645798
754,5.0851,13.117,0.01278435796
755,5.0851,13.1489,0.01278435796
756,5.0957,13.1489,0.009212257943
757,5.0957,13.1596,0.009212257943
758,5.1064,13.1596,0.01504042113
759,5.1064,13.1915,0.01504042113
760,5.117,13.1915,0.01146832111
761,5.117,13.2128,0.01146832111
762,5.1277,13.2128,0.0172964843
763,5.1277,13.234,0.0172964843
764,5.1383,13.234,0.01372438428
765,5.1383,13.2553,0.01372438428
766,5.1489,13.2553,0.01015228426
767,5.1489,13.2766,0.01015228426
768,5.1596,13.2766,0.01598044745
769,5.1596,13.2979,0.01598044745
770,5.1702,13.2979,0.01240834743
771,5.1702,13.3191,0.01240834743
772,5.1809,13.3191,0.01823651062
773,5.1809,13.3404,0.01823651062
774,5.1915,13.3404,0.0146644106
775,5.1915,13.3617,0.0146644106
776,5.2021,13.3617,0.01109231058
777,5.2021,13.3936,0.01109231058
778,5.2128,13.3936,0.01692047377
779,5.2128,13.4043,0.01692047377
780,5.2234,13.4043,0.01334837375
781,5.2234,13.4362,0.01334837375
782,5.234,13.4362,0.009776273736
783,5.234,13.4681,0.009776273736
784,5.2447,13.4681,0.01560443692
785,5.2447,13.5,0.01560443692
786,5.2553,13.5,0.01203233691
787,5.2553,13.5213,0.01203233691
788,5.266,13.5213,0.01786050009
789,5.266,13.5426,0.01786050009
790,5.2766,13.5426,0.01428840008
791,5.2766,13.5638,0.01428840008
792,5.2872,13.5638,0.01071630006
793,5.2872,13.5851,0.01071630006
794,5.2979,13.5851,0.01654446324
795,5.2979,13.6064,0.01654446324
796,5.3085,13.6064,0.01297236323
797,5.3085,13.6277,0.01297236323
798,5.3191,13.6277,0.009400263207
799,5.3191,13.6489,0.009400263207
800,5.3298,13.6489,0.0152284264
801,5.3298,13.6596,0.0152284264
802,5.3404,13.6596,0.01165632638
803,5.3404,13.6809,0.01165632638
804,5.3511,13.6809,0.01748448957
805,5.3511,13.7021,0.01748448957
806,5.3617,13.7021,0.01391238955
807,5.3617,13.7234,0.01391238955
808,5.3723,13.7234,0.01034028953
809,5.3723,13.7553,0.01034028953
810,5.383,13.7553,0.01616845272
811,5.383,13.7872,0.01616845272
812,5.3936,13.7872,0.0125963527
813,5.3936,13.8085,0.0125963527
814,5.4043,13.8085,0.01842451589
815,5.4043,13.8511,0.01842451589
816,5.4149,13.8511,0.01485241587
817,5.4149,13.8723,0.01485241587
818,5.4255,13.8723,0.01128031585
819,5.4255,13.8936,0.01128031585
820,5.4362,13.8936,0.01710847904
821,5.4362,13.9043,0.01710847904
822,5.4468,13.9043,0.01353637902
823,5.4468,13.9255,0.01353637902
824,5.4574,13.9255,0.009964279
825,5.4574,13.9468,0.009964279
826,5.4681,13.9468,0.01579244219
827,5.4681,13.9681,0.01579244219
828,5.4787,13.9681,0.01222034217
829,5.4787,14,0.01222034217
830,5.4894,14,0.01804850536
831,5.4894,14.0213,0.01804850536
832,5.5,14.0213,0.01447640534
833,5.5,14.0426,0.01447640534
834,5.5106,14.0426,0.01090430532
835,5.5106,14.0745,0.01090430532
836,5.5213,14.0745,0.01673246851
837,5.5213,14.0957,0.01673246851
838,5.5319,14.0957,0.01316036849
839,5.5319,14.117,0.01316036849
840,5.5426,14.117,0.01898853168
841,5.5426,14.1277,0.01898853168
842,5.5532,14.1277,0.01541643166
843,5.5532,14.1489,0.01541643166
844,5.5638,14.1489,0.01184433164
845,5.5638,14.1702,0.01184433164
846,5.5745,14.1702,0.01767249483
847,5.5745,14.2021,0.01767249483
848,5.5851,14.2021,0.01410039481
849,5.5851,14.2234,0.01410039481
850,5.5957,14.2234,0.01052829479
851,5.5957,14.2447,0.01052829479
852,5.6064,14.2447,0.01635645798
853,5.6064,14.266,0.01635645798
854,5.617,14.266,0.01278435796
855,5.617,14.2872,0.01278435796
856,5.6277,14.2872,0.01861252115
857,5.6277,14.3191,0.01861252115
858,5.6383,14.3191,0.01504042113
859,5.6383,14.3298,0.01504042113
860,5.6489,14.3298,0.01146832111
861,5.6489,14.3404,0.01146832111
862,5.6596,14.3404,0.0172964843
863,5.6596,14.3617,0.0172964843
864,5.6489,14.3617,0.01146832111
865,5.6489,14.3404,0.01146832111
866,5.6383,14.3404,0.01504042113
867,5.6383,14.3298,0.01504042113
868,5.6277,14.3298,0.01861252115
869,5.6277,14.3191,0.01861252115
870,5.617,14.3191,0.01278435796
871,5.617,14.2872,0.01278435796
872,5.6064,14.2872,0.01635645798
873,5.6064,14.266,0.01635645798
874,5.5957,14.266,0.01052829479
875,5.5957,14.2447,0.01052829479
876,5.5851,14.2447,0.01410039481
877,5.5851,14.2234,0.01410039481
878,5.5745,14.2234,0.01767249483
879,5.5745,14.2021,0.01767249483
880,5.5638,14.2021,0.01184433164
881,5.5638,14.1702,0.01184433164
882,5.5532,14.1702,0.01541643166
883,5.5532,14.1489,0.01541643166
884,5.5426,14.1489,0.01898853168
885,5.5426,14.1277,0.01898853168
886,5.5319,14.1277,0.01316036849
887,5.5319,14.117,0.01316036849
888,5.5213,14.117,0.01673246851
889,5.5213,14.0957,0.01673246851
890,5.5106,14.0957,0.01090430532
891,5.5106,14.0745,0.01090430532
892,5.5,14.0745,0.01447640534
893,5.5,14.0426,0.01447640534
894,5.4894,14.0426,0.01804850536
895,5.4894,14.0213,0.01804850536
896,5.4787,14.0213,0.01222034217
897,5.4787,14,0.01222034217
898,5.4681,14,0.01579244219
899,5.4681,13.9681,0.01579244219
900,5.4574,13.9681,0.009964279
901,5.4574,13.9468,0.009964279
902,5.4468,13.9468,0.01353637902
903,5.4468,13.9255,0.01353637902
904,5.4362,13.9255,0.01710847904
905,5.4362,13.9043,0.01710847904
906,5.4255,13.9043,0.01128031585
907,5.4255,13.8936,0.01128031585
908,5.4149,13.8936,0.01485241587
909,5.4149,13.8723,0.01485241587
910,5.4043,13.8723,0.01842451589
911,5.4043,13.8511,0.01842451589
912,5.3936,13.8511,0.0125963527
913,5.3936,13.8085,0.0125963527
914,5.383,13.8085,0.01616845272
915,5.383,13.7872,0.01616845272
916,5.3723,13.7872,0.01034028953
917,5.3723,13.7553,0.01034028953
918,5.3617,13.7553,0.01391238955
919,5.3617,13.7234,0.01391238955
920,5.3511,13.7234,0.01748448957
921,5.3511,13.7021,0.01748448957
922,5.3404,13.7021,0.01165632638
923,5.3404,13.6809,0.01165632638
924,5.3298,13.6809,0.0152284264
925,5.3298,13.6596,0.0152284264
926,5.3191,13.6596,0.009400263207
927,5.3191,13.6489,0.009400263207
928,5.3085,13.6489,0.01297236323
929,5.3085,13.6277,0.01297236323
930,5.2979,13.6277,0.01654446324
931,5.2979,13.6064,0.01654446324
932,5.2872,13.6064,0.01071630006
933,5.2872,13.5851,0.01071630006
934,5.2766,13.5851,0.01428840008
935,5.2766,13.5638,0.01428840008
936,5.266,13.5638,0.01786050009
937,5.266,13.5426,0.01786050009
938,5.2553,13.5426,0.01203233691
939,5.2553,13.5213,0.01203233691
940,5.2447,13.5213,0.01560443692
941,5.2447,13.5,0.01560443692
942,5.234,13.5,0.009776273736
943,5.234,13.4681,0.009776273736
944,5.2234,13.4681,0.01334837375
945,5.2234,13.4362,0.01334837375
946,5.2128,13.4362,0.01692047377
947,5.2128,13.4043,0.01692047377
948,5.2021,13.4043,0.01109231058
949,5.2021,13.3936,0.01109231058
950,5.1915,13.3936,0.0146644106
951,5.1915,13.3617,0.0146644106
952,5.1809,13.3617,0.01823651062
953,5.1809,13.3404,0.01823651062
954,5.1702,13.3404,0.01240834743
955,5.1702,13.3191,0.01240834743
956,5.1596,13.3191,0.01598044745
957,5.1596,13.2979,0.01598044745
958,5.1489,13.2979,0.01015228426
959,5.1489,13.2766,0.01015228426
960,5.1383,13.2766,0.01372438428
961,5.1383,13.2553,0.01372438428
962,5.1277,13.2553,0.0172964843
963,5.1277,13.234,0.0172964843
964,5.117,13.234,0.01146832111
965,5.117,13.2128,0.01146832111
966,5.1064,13.2128,0.01504042113
967,5.1064,13.1915,0.01504042113
968,5.0957,13.1915,0.009212257943
969,5.0957,13.1596,0.009212257943
970,5.0851,13.1596,0.01278435796
971,5.0851,13.1489,0.01278435796
972,5.0745,13.1489,0.01635645798
973,5.0745,13.117,0.01635645798
974,5.0638,13.117,0.01052829479
975,5.0638,13.0957,0.01052829479
976,5.0532,13.0957,0.01410039481
977,5.0532,13.0638,0.01410039481
978,5.0426,13.0638,0.01767249483
979,5.0426,13.0426,0.01767249483
980,5.0319,13.0426,0.01184433164
981,5.0319,13.0106,0.01184433164
982,5.0213,13.0106,0.01541643166
983,5.0213,12.9894,0.01541643166
984,5.0106,12.9894,0.009588268472
985,5.0106,12.9574,0.009588268472
986,5,12.9574,0.01316036849
987,5,12.9468,0.01316036849
988,4.9894,12.9468,0.01673246851
989,4.9894,12.9255,0.01673246851
990,4.9787,12.9255,0.01090430532
991,4.9787,12.8936,0.01090430532
992,4.9681,12.8936,0.01447640534
993,4.9681,12.883,0.01447640534
994,4.9574,12.883,0.008648242151
995,4.9574,12.8617,0.008648242151
996,4.9468,12.8617,0.01222034217
997,4.9468,12.8404,0.01222034217
998,4.9362,12.8404,0.01579244219
999,4.9362,12.8298,0.01579244219
1000,4.9255,12.8298,0.009964279
1001,4.9255,12.8085,0.009964279
1002,4.9149,12.8085,0.01353637902
1003,4.9149,12.7872,0.01353637902
1004,4.9043,12.7872,0.01710847904
1005,4.9043,12.7766,0.01710847904
1006,4.8936,12.7766,0.01128031585
1007,4.8936,12.7447,0.01128031585
1008,4.883,12.7447,0.01485241587
1009,4.883,12.7128,0.01485241587
1010,4.8723,12.7128,0.009024252679
1011,4.8723,12.6809,0.009024252679
1012,4.8617,12.6809,0.0125963527
1013,4.8617,12.6383,0.0125963527
1014,4.8511,12.6383,0.01616845272
1015,4.8511,12.617,0.01616845272
1016,4.8404,12.617,0.01034028953
1017,4.8404,12.5957,0.01034028953
1018,4.8298,12.5957,0.01391238955
1019,4.8298,12.5745,0.01391238955
1020,4.8191,12.5745,0.008084226358
1021,4.8191,12.5532,0.008084226358
1022,4.8085,12.5532,0.01165632638
1023,4.8085,12.5319,0.01165632638
1024,4.7979,12.5319,0.0152284264
1025,4.7979,12.5213,0.0152284264
1026,4.7872,12.5213,0.009400263207
1027,4.7872,12.5,0.009400263207
1028,4.7766,12.5,0.01297236323
1029,4.7766,12.4787,0.01297236323
1030,4.766,12.4787,0.01654446324
1031,4.766,12.4574,0.01654446324
1032,4.7553,12.4574,0.01071630006
1033,4.7553,12.4362,0.01071630006
1034,4.7447,12.4362,0.01428840008
1035,4.7447,12.4149,0.01428840008
1036,4.734,12.4149,0.008460236887
1037,4.734,12.3936,0.008460236887
1038,4.7234,12.3936,0.01203233691
1039,4.7234,12.3617,0.01203233691
1040,4.7128,12.3617,0.01560443692
1041,4.7128,12.3298,0.01560443692
1042,4.7021,12.3298,0.009776273736
1043,4.7021,12.2979,0.009776273736
1044,4.6915,12.2979,0.01334837375
1045,4.6915,12.266,0.01334837375
1046,4.6809,12.266,0.01692047377
1047,4.6809,12.2447,0.01692047377
1048,4.6702,12.2447,0.01109231058
1049,4.6702,12.2234,0.01109231058
1050,4.6596,12.2234,0.0146644106
1051,4.6596,12.2021,0.0146644106
1052,4.6489,12.2021,0.008836247415
1053,4.6489,12.1702,0.008836247415
1054,4.6383,12.1702,0.01240834743
1055,4.6383,12.1489,0.01240834743
1056,4.6277,12.1489,0.01598044745
1057,4.6277,12.1277,0.01598044745
1058,4.617,12.1277,0.01015228426
1059,4.617,12.1064,0.01015228426
1060,4.6064,12.1064,0.01372438428
1061,4.6064,12.0851,0.01372438428
1062,4.5957,12.0851,0.007896221094
1063,4.5957,12.0745,0.007896221094
1064,4.5851,12.0745,0.01146832111
1065,4.5851,12.0532,0.01146832111
1066,4.5745,12.0532,0.01504042113
1067,4.5745,12.0426,0.01504042113
1068,4.5638,12.0426,0.009212257943
1069,4.5638,12.0213,0.009212257943
1070,4.5532,12.0213,0.01278435796
1071,4.5532,12.0106,0.01278435796
1072,4.5426,12.0106,0.01635645798
1073,4.5426,11.9894,0.01635645798
1074,4.5319,11.9894,0.01052829479
1075,4.5319,11.9681,0.01052829479
1076,4.5213,11.9681,0.01410039481
1077,4.5213,11.9362,0.01410039481
1078,4.5106,11.9362,0.008272231623
1079,4.5106,11.9149,0.008272231623
1080,4.5,11.9149,0.01184433164
1081,4.5,11.8936,0.01184433164
1082,4.4894,11.8936,0.01541643166
1083,4.4894,11.8723,0.01541643166
1084,4.4787,11.8723,0.009588268472
1085,4.4787,11.8404,0.009588268472
1086,4.4681,11.8404,0.01316036849
1087,4.4681,11.8085,0.01316036849
1088,4.4574,11.8085,0.007332205302
1089,4.4574,11.7766,0.007332205302
1090,4.4468,11.7766,0.01090430532
1091,4.4468,11.7447,0.01090430532
1092,4.4362,11.7447,0.01447640534
1093,4.4362,11.7234,0.01447640534
1094,4.4255,11.7234,0.008648242151
1095,4.4255,11.7021,0.008648242151
1096,4.4149,11.7021,0.01222034217
1097,4.4149,11.6809,0.01222034217
1098,4.4043,11.6809,0.01579244219
1099,4.4043,11.6596,0.01579244219
1100,4.3936,11.6596,0.009964279
1101,4.3936,11.6277,0.009964279
1102,4.383,11.6277,0.01353637902
1103,4.383,11.5957,0.01353637902
1104,4.3723,11.5957,0.00770821583
1105,4.3723,11.5745,0.00770821583
1106,4.3617,11.5745,0.01128031585
1107,4.3617,11.5532,0.01128031585
1108,4.3511,11.5532,0.01485241587
1109,4.3511,11.5319,0.01485241587
1110,4.3404,11.5319,0.009024252679
1111,4.3404,11.5213,0.009024252679
1112,4.3298,11.5213,0.0125963527
1113,4.3298,11.5,0.0125963527
1114,4.3191,11.5,0.006768189509
1115,4.3191,11.4787,0.006768189509
1116,4.3085,11.4787,0.01034028953
1117,4.3085,11.4574,0.01034028953
1118,4.2979,11.4574,0.01391238955
1119,4.2979,11.4362,0.01391238955
1120,4.2872,11.4362,0.008084226358
1121,4.2872,11.4149,0.008084226358
1122,4.2766,11.4149,0.01165632638
1123,4.2766,11.3936,0.01165632638
1124,4.266,11.3936,0.0152284264
1125,4.266,11.3723,0.0152284264
1126,4.2553,11.3723,0.009400263207
1127,4.2553,11.3404,0.009400263207
1128,4.2447,11.3404,0.01297236323
1129,4.2447,11.3085,0.01297236323
1130,4.234,11.3085,0.007144200038
1131,4.234,11.2766,0.007144200038
1132,4.2234,11.2766,0.01071630006
1133,4.2234,11.2553,0.01071630006
1134,4.2128,11.2553,0.01428840008
1135,4.2128,11.2447,0.01428840008
1136,4.2021,11.2447,0.008460236887
1137,4.2021,11.2234,0.008460236887
1138,4.1915,11.2234,0.01203233691
1139,4.1915,11.2021,0.01203233691
1140,4.1809,11.2021,0.01560443692
1141,4.1809,11.1809,0.01560443692
1142,4.1702,11.1809,0.009776273736
1143,4.1702,11.1596,0.009776273736
1144,4.1596,11.1596,0.01334837375
1145,4.1596,11.1383,0.01334837375
1146,4.1489,11.1383,0.007520210566
1147,4.1489,11.117,0.007520210566
1148,4.1383,11.117,0.01109231058
1149,4.1383,11.0957,0.01109231058
1150,4.1277,11.0957,0.0146644106
1151,4.1277,11.0745,0.0146644106
1152,4.117,11.0745,0.008836247415
1153,4.117,11.0532,0.008836247415
1154,4.1064,11.0532,0.01240834743
1155,4.1064,11.0213,0.01240834743
1156,4.0957,11.0213,0.006580184245
1157,4.0957,10.9894,0.006580184245
1158,4.0851,10.9894,0.01015228426
1159,4.0851,10.9574,0.01015228426
1160,4.0745,10.9574,0.01372438428
1161,4.0745,10.9468,0.01372438428
1162,4.0638,10.9468,0.007896221094
1163,4.0638,10.9255,0.007896221094
1164,4.0532,10.9255,0.01146832111
1165,4.0532,10.9043,0.01146832111
1166,4.0426,10.9043,0.01504042113
1167,4.0426,10.883,0.01504042113
1168,4.0319,10.883,0.009212257943
1169,4.0319,10.8617,0.009212257943
1170,4.0213,10.8617,0.01278435796
1171,4.0213,10.8404,0.01278435796
1172,4.0106,10.8404,0.006956194773
1173,4.0106,10.8085,0.006956194773
1174,4,10.8085,0.01052829479
1175,4,10.7872,0.01052829479
1176,3.9894,10.7872,0.01410039481
1177,3.9894,10.7553,0.01410039481
1178,3.9787,10.7553,0.008272231622
1179,3.9787,10.734,0.008272231622
1180,3.9681,10.734,0.01184433164
1181,3.9681,10.7128,0.01184433164
1182,3.9574,10.7128,0.006016168453
1183,3.9574,10.6915,0.006016168453
1184,3.9468,10.6915,0.009588268472
1185,3.9468,10.6809,0.009588268472
1186,3.9362,10.6809,0.01316036849
1187,3.9362,10.6596,0.01316036849
1188,3.9255,10.6596,0.007332205302
1189,3.9255,10.6383,0.007332205302
1190,3.9149,10.6383,0.01090430532
1191,3.9149,10.617,0.01090430532
1192,3.9043,10.617,0.01447640534
1193,3.9043,10.5851,0.01447640534
1194,3.8936,10.5851,0.008648242151
1195,3.8936,10.5638,0.008648242151
1196,3.883,10.5638,0.01222034217
1197,3.883,10.5319,0.01222034217
1198,3.8723,10.5319,0.006392178981
1199,3.8723,10.5,0.006392178981
1200,3.8617,10.5,0.009964279
1201,3.8617,10.4787,0.009964279
1202,3.8511,10.4787,0.01353637902
1203,3.8511,10.4574,0.01353637902
1204,3.8404,10.4574,0.00770821583
1205,3.8404,10.4362,0.00770821583
1206,3.8298,10.4362,0.01128031585
1207,3.8298,10.4149,0.01128031585
1208,3.8191,10.4149,0.00545215266
1209,3.8191,10.3936,0.00545215266
1210,3.8085,10.3936,0.009024252679
1211,3.8085,10.3723,0.009024252679
1212,3.7979,10.3723,0.0125963527
1213,3.7979,10.3511,0.0125963527
1214,3.7872,10.3511,0.006768189509
1215,3.7872,10.3191,0.006768189509
1216,3.7766,10.3191,0.01034028953
1217,3.7766,10.2979,0.01034028953
1218,3.766,10.2979,0.01391238955
1219,3.766,10.2766,0.01391238955
1220,3.7553,10.2766,0.008084226358
1221,3.7553,10.2553,0.008084226358
1222,3.7447,10.2553,0.01165632638
1223,3.7447,10.234,0.01165632638
1224,3.734,10.234,0.005828163189
1225,3.734,10.2234,0.005828163189
1226,3.7234,10.2234,0.009400263207
1227,3.7234,10.2021,0.009400263207
1228,3.7128,10.2021,0.01297236323
1229,3.7128,10.1702,0.01297236323
1230,3.7021,10.1702,0.007144200038
1231,3.7021,10.1489,0.007144200038
1232,3.6915,10.1489,0.01071630006
1233,3.6915,10.1064,0.01071630006
1234,3.6809,10.1064,0.01428840008
1235,3.6809,10.0638,0.01428840008
1236,3.6702,10.0638,0.008460236887
1237,3.6702,10.0426,0.008460236887
1238,3.6596,10.0426,0.01203233691
1239,3.6596,10.0213,0.01203233691
1240,3.6489,10.0213,0.006204173717
1241,3.6489,10,0.006204173717
1242,3.6383,10,0.009776273736
1243,3.6383,9.9894,0.009776273736
1244,3.6277,9.9894,0.01334837375
1245,3.6277,9.9681,0.01334837375
1246,3.617,9.9681,0.007520210566
1247,3.617,9.9574,0.007520210566
1248,3.6064,9.9574,0.01109231058
1249,3.6064,9.9362,0.01109231058
1250,3.5957,9.9362,0.005264147396
1251,3.5957,9.9149,0.005264147396
1252,3.5851,9.9149,0.008836247415
1253,3.5851,9.8936,0.008836247415
1254,3.5745,9.8936,0.01240834743
1255,3.5745,9.8723,0.01240834743
1256,3.5638,9.8723,0.006580184245
1257,3.5638,9.8511,0.006580184245
1258,3.5532,9.8511,0.01015228426
1259,3.5532,9.8298,0.01015228426
1260,3.5426,9.8298,0.01372438428
1261,3.5426,9.8085,0.01372438428
1262,3.5319,9.8085,0.007896221094
1263,3.5319,9.7766,0.007896221094
1264,3.5213,9.7766,0.01146832111
1265,3.5213,9.7553,0.01146832111
1266,3.5106,9.7553,0.005640157924
1267,3.5106,9.7128,0.005640157924
1268,3.5,9.7128,0.009212257943
1269,3.5,9.6915,0.009212257943
1270,3.4894,9.6915,0.01278435796
1271,3.4894,9.6596,0.01278435796
1272,3.4787,9.6596,0.006956194773
1273,3.4787,9.6383,0.006956194773
1274,3.4681,9.6383,0.01052829479
1275,3.4681,9.617,0.01052829479
1276,3.4574,9.617,0.004700131604
1277,3.4574,9.5957,0.004700131604
1278,3.4468,9.5957,0.008272231622
1279,3.4468,9.5745,0.008272231622
1280,3.4362,9.5745,0.01184433164
1281,3.4362,9.5532,0.01184433164
1282,3.4255,9.5532,0.006016168453
1283,3.4255,9.5319,0.006016168453
1284,3.4149,9.5319,0.009588268472
1285,3.4149,9.5106,0.009588268472
1286,3.4043,9.5106,0.01316036849
1287,3.4043,9.5,0.01316036849
1288,3.3936,9.5,0.007332205302
1289,3.3936,9.4787,0.007332205302
1290,3.383,9.4787,0.01090430532
1291,3.383,9.4574,0.01090430532
1292,3.3723,9.4574,0.005076142132
1293,3.3723,9.4362,0.005076142132
1294,3.3617,9.4362,0.008648242151
1295,3.3617,9.4043,0.008648242151
1296,3.3511,9.4043,0.01222034217
1297,3.3511,9.3936,0.01222034217
1298,3.3404,9.3936,0.006392178981
1299,3.3404,9.3723,0.006392178981
1300,3.3298,9.3723,0.009964279
1301,3.3298,9.3511,0.009964279
1302,3.3191,9.3511,0.004136115811
1303,3.3191,9.3298,0.004136115811
1304,3.3085,9.3298,0.00770821583
1305,3.3085,9.3085,0.00770821583
1306,3.2979,9.3085,0.01128031585
1307,3.2979,9.2872,0.01128031585
1308,3.2872,9.2872,0.00545215266
1309,3.2872,9.266,0.00545215266
1310,3.2766,9.266,0.009024252679
1311,3.2766,9.2447,0.009024252679
1312,3.266,9.2447,0.0125963527
1313,3.266,9.2128,0.0125963527
1314,3.2553,9.2128,0.006768189509
1315,3.2553,9.1915,0.006768189509
1316,3.2447,9.1915,0.01034028953
1317,3.2447,9.1596,0.01034028953
1318,3.234,9.1596,0.00451212634
1319,3.234,9.1277,0.00451212634
1320,3.2234,9.1277,0.008084226358
1321,3.2234,9.1064,0.008084226358
1322,3.2128,9.1064,0.01165632638
1323,3.2128,9.0851,0.01165632638
1324,3.2021,9.0851,0.005828163189
1325,3.2021,9.0532,0.005828163189
1326,3.1915,9.0532,0.009400263207
1327,3.1915,9.0426,0.009400263207
1328,3.1809,9.0426,0.01297236323
1329,3.1809,9.0106,0.01297236323
1330,3.1702,9.0106,0.007144200038
1331,3.1702,8.9894,0.007144200038
1332,3.1596,8.9894,0.01071630006
1333,3.1596,8.9681,0.01071630006
1334,3.1489,8.9681,0.004888136868
1335,3.1489,8.9468,0.004888136868
1336,3.1383,8.9468,0.008460236887
1337,3.1383,8.9362,0.008460236887
1338,3.1277,8.9362,0.01203233691
1339,3.1277,8.9149,0.01203233691
1340,3.117,8.9149,0.006204173717
1341,3.117,8.8936,0.006204173717
1342,3.1064,8.8936,0.009776273736
1343,3.1064,8.8723,0.009776273736
1344,3.0957,8.8723,0.003948110547
1345,3.0957,8.8404,0.003948110547
1346,3.0851,8.8404,0.007520210566
1347,3.0851,8.8085,0.007520210566
1348,3.0745,8.8085,0.01109231058
1349,3.0745,8.7872,0.01109231058
1350,3.0638,8.7872,0.005264147396
1351,3.0638,8.766,0.005264147396
1352,3.0532,8.766,0.008836247415
1353,3.0532,8.7234,0.008836247415
1354,3.0426,8.7234,0.01240834743
1355,3.0426,8.6915,0.01240834743
1356,3.0319,8.6915,0.006580184245
1357,3.0319,8.6702,0.006580184245
1358,3.0213,8.6702,0.01015228426
1359,3.0213,8.6489,0.01015228426
1360,3.0106,8.6489,0.004324121075
1361,3.0106,8.617,0.004324121075
1362,3,8.617,0.007896221094
1363,3,8.5957,0.007896221094
1364,2.9894,8.5957,0.01146832111
1365,2.9894,8.5745,0.01146832111
1366,2.9787,8.5745,0.005640157924
1367,2.9787,8.5532,0.005640157924
1368,2.9681,8.5532,0.009212257943
1369,2.9681,8.5319,0.009212257943
1370,2.9574,8.5319,0.003384094755
1371,2.9574,8.5106,0.003384094755
1372,2.9468,8.5106,0.006956194773
1373,2.9468,8.4894,0.006956194773
1374,2.9362,8.4894,0.01052829479
1375,2.9362,8.4681,0.01052829479
1376,2.9255,8.4681,0.004700131604
1377,2.9255,8.4468,0.004700131604
1378,2.9149,8.4468,0.008272231622
1379,2.9149,8.4255,0.008272231622
1380,2.9043,8.4255,0.01184433164
1381,2.9043,8.4043,0.01184433164
1382,2.8936,8.4043,0.006016168453
1383,2.8936,8.3936,0.006016168453
1384,2.883,8.3936,0.009588268472
1385,2.883,8.3617,0.009588268472
1386,2.8723,8.3617,0.003760105283
1387,2.8723,8.3511,0.003760105283
1388,2.8617,8.3511,0.007332205302
1389,2.8617,8.3298,0.007332205302
1390,2.8511,8.3298,0.01090430532
1391,2.8511,8.3085,0.01090430532
1392,2.8404,8.3085,0.005076142132
1393,2.8404,8.2766,0.005076142132
1394,2.8298,8.2766,0.008648242151
1395,2.8298,8.2553,0.008648242151
1396,2.8191,8.2553,0.002820078962
1397,2.8191,8.2234,0.002820078962
1398,2.8085,8.2234,0.006392178981
1399,2.8085,8.2021,0.006392178981
1400,2.7979,8.2021,0.009964279
1401,2.7979,8.1702,0.009964279
1402,2.7872,8.1702,0.004136115811
1403,2.7872,8.1489,0.004136115811
1404,2.7766,8.1489,0.00770821583
1405,2.7766,8.117,0.00770821583
1406,2.766,8.117,0.01128031585
1407,2.766,8.0957,0.01128031585
1408,2.7553,8.0957,0.00545215266
1409,2.7553,8.0851,0.00545215266
1410,2.7447,8.0851,0.009024252679
1411,2.7447,8.0638,0.009024252679
1412,2.734,8.0638,0.003196089491
1413,2.734,8.0426,0.003196089491
1414,2.7234,8.0426,0.006768189509
1415,2.7234,8.0213,0.006768189509
1416,2.7128,8.0213,0.01034028953
1417,2.7128,8.0106,0.01034028953
1418,2.7021,8.0106,0.00451212634
1419,2.7021,7.9787,0.00451212634
1420,2.6915,7.9787,0.008084226358
1421,2.6915,7.9574,0.008084226358
1422,2.6809,7.9574,0.01165632638
1423,2.6809,7.9362,0.01165632638
1424,2.6702,7.9362,0.005828163189
1425,2.6702,7.9149,0.005828163189
1426,2.6596,7.9149,0.009400263207
1427,2.6596,7.883,0.009400263207
1428,2.6489,7.883,0.003572100019
1429,2.6489,7.8723,0.003572100019
1430,2.6383,7.8723,0.007144200038
1431,2.6383,7.8511,0.007144200038
1432,2.6277,7.8511,0.01071630006
1433,2.6277,7.8404,0.01071630006
1434,2.617,7.8404,0.004888136868
1435,2.617,7.8191,0.004888136868
1436,2.6064,7.8191,0.008460236887
1437,2.6064,7.7979,0.008460236887
1438,2.5957,7.7979,0.002632073698
1439,2.5957,7.7766,0.002632073698
1440,2.5851,7.7766,0.006204173717
1441,2.5851,7.7553,0.006204173717
1442,2.5745,7.7553,0.009776273736
1443,2.5745,7.7234,0.009776273736
1444,2.5638,7.7234,0.003948110547
1445,2.5638,7.7021,0.003948110547
1446,2.5532,7.7021,0.007520210566
1447,2.5532,7.6702,0.007520210566
1448,2.5426,7.6702,0.01109231058
1449,2.5426,7.6489,0.01109231058
1450,2.5319,7.6489,0.005264147396
1451,2.5319,7.6277,0.005264147396
1452,2.5213,7.6277,0.008836247415
1453,2.5213,7.5957,0.008836247415
1454,2.5106,7.5957,0.003008084226
1455,2.5106,7.5745,0.003008084226
1456,2.5,7.5745,0.006580184245
1457,2.5,7.5426,0.006580184245
1458,2.4894,7.5426,0.01015228426
1459,2.4894,7.5106,0.01015228426
1460,2.4787,7.5106,0.004324121075
1461,2.4787,7.4894,0.004324121075
1462,2.4681,7.4894,0.007896221094
1463,2.4681,7.4574,0.007896221094
1464,2.4574,7.4574,0.002068057906
1465,2.4574,7.4362,0.002068057906
1466,2.4468,7.4362,0.005640157924
1467,2.4468,7.4149,0.005640157924
1468,2.4362,7.4149,0.009212257943
1469,2.4362,7.3936,0.009212257943
1470,2.4255,7.3936,0.003384094755
1471,2.4255,7.3617,0.003384094755
1472,2.4149,7.3617,0.006956194773
1473,2.4149,7.3404,0.006956194773
1474,2.4043,7.3404,0.01052829479
1475,2.4043,7.3298,0.01052829479
1476,2.3936,7.3298,0.004700131604
1477,2.3936,7.3085,0.004700131604
1478,2.383,7.3085,0.008272231622
1479,2.383,7.2979,0.008272231622
1480,2.3723,7.2979,0.002444068434
1481,2.3723,7.2766,0.002444068434
1482,2.3617,7.2766,0.006016168453
1483,2.3617,7.266,0.006016168453
1484,2.3511,7.266,0.009588268472
1485,2.3511,7.2553,0.009588268472
1486,2.3404,7.2553,0.003760105283
1487,2.3404,7.234,0.003760105283
1488,2.3298,7.234,0.007332205302
1489,2.3298,7.2128,0.007332205302
1490,2.3191,7.2128,0.001504042113
1491,2.3191,7.1809,0.001504042113
1492,2.3085,7.1809,0.005076142132
1493,2.3085,7.1596,0.005076142132
1494,2.2979,7.1596,0.008648242151
1495,2.2979,7.1383,0.008648242151
1496,2.2872,7.1383,0.002820078962
1497,2.2872,7.117,0.002820078962
1498,2.2766,7.117,0.006392178981
1499,2.2766,7.0957,0.006392178981
1500,2.266,7.0957,0.009964279
1501,2.266,7.0745,0.009964279
1502,2.2553,7.0745,0.004136115811
1503,2.2553,7.0532,0.004136115811
1504,2.2447,7.0532,0.00770821583
1505,2.2447,7.0319,0.00770821583
1506,2.234,7.0319,0.001880052641
1507,2.234,6.9894,0.001880052641
1508,2.2234,6.9894,0.00545215266
1509,2.2234,6.9574,0.00545215266
1510,2.2128,6.9574,0.009024252679
1511,2.2128,6.9149,0.009024252679
1512,2.2021,6.9149,0.003196089491
1513,2.2021,6.8936,0.003196089491
1514,2.1915,6.8936,0.006768189509
1515,2.1915,6.8723,0.006768189509
1516,2.1809,6.8723,0.01034028953
1517,2.1809,6.8511,0.01034028953
1518,2.1702,6.8511,0.00451212634
1519,2.1702,6.8298,0.00451212634
1520,2.1596,6.8298,0.008084226358
1521,2.1596,6.8085,0.008084226358
1522,2.1489,6.8085,0.00225606317
1523,2.1489,6.7766,0.00225606317
1524,2.1383,6.7766,0.005828163189
1525,2.1383,6.7447,0.005828163189
1526,2.1277,6.7447,0.009400263207
1527,2.1277,6.7234,0.009400263207
1528,2.117,6.7234,0.003572100019
1529,2.117,6.7021,0.003572100019
1530,2.1064,6.7021,0.007144200038
1531,2.1064,6.6809,0.007144200038
1532,2.0957,6.6809,0.001316036849
1533,2.0957,6.6596,0.001316036849
1534,2.0851,6.6596,0.004888136868
1535,2.0851,6.6383,0.004888136868
1536,2.0745,6.6383,0.008460236887
1537,2.0745,6.617,0.008460236887
1538,2.0638,6.617,0.002632073698
1539,2.0638,6.5957,0.002632073698
1540,2.0532,6.5957,0.006204173717
1541,2.0532,6.5745,0.006204173717
1542,2.0426,6.5745,0.009776273736
1543,2.0426,6.5426,0.009776273736
1544,2.0319,6.5426,0.003948110547
1545,2.0319,6.5213,0.003948110547
1546,2.0213,6.5213,0.007520210566
1547,2.0213,6.4894,0.007520210566
1548,2.0106,6.4894,0.001692047377
1549,2.0106,6.4681,0.001692047377
1550,2,6.4681,0.005264147396
1551,2,6.4362,0.005264147396
1552,1.9894,6.4362,0.008836247415
1553,1.9894,6.4043,0.008836247415
1554,1.9787,6.4043,0.003008084226
1555,1.9787,6.383,0.003008084226
1556,1.9681,6.383,0.006580184245
1557,1.9681,6.3617,0.006580184245
1558,1.9574,6.3617,0.0007520210566
1559,1.9574,6.3404,0.0007520210566
1560,1.9468,6.3404,0.004324121075
1561,1.9468,6.3298,0.004324121075
1562,1.9362,6.3298,0.007896221094
1563,1.9362,6.3085,0.007896221094
1564,1.9255,6.3085,0.002068057906
1565,1.9255,6.2872,0.002068057906
1566,1.9149,6.2872,0.005640157924
1567,1.9149,6.266,0.005640157924
1568,1.9043,6.266,0.009212257943
1569,1.9043,6.2234,0.009212257943
1570,1.8936,6.2234,0.003384094755
1571,1.8936,6.1915,0.003384094755
1572,1.883,6.1915,0.006956194773
1573,1.883,6.1702,0.006956194773
1574,1.8723,6.1702,0.001128031585
1575,1.8723,6.1489,0.001128031585
1576,1.8617,6.1489,0.004700131604
1577,1.8617,6.1277,0.004700131604
1578,1.8511,6.1277,0.008272231622
1579,1.8511,6.1064,0.008272231622
1580,1.8404,6.1064,0.002444068434
1581,1.8404,6.0957,0.002444068434
1582,1.8298,6.0957,0.006016168453
1583,1.8298,6.0745,0.006016168453
1584,1.8191,6.0745,0.0001880052641
1585,1.8191,6.0532,0.0001880052641
1586,1.8085,6.0532,0.003760105283
1587,1.8085,6.0319,0.003760105283
1588,1.7979,6.0319,0.007332205302
1589,1.7979,6.0106,0.007332205302
1590,1.7872,6.0106,0.001504042113
1591,1.7872,5.9787,0.001504042113
1592,1.7766,5.9787,0.005076142132
1593,1.7766,5.9468,0.005076142132
1594,1.766,5.9468,0.008648242151
1595,1.766,5.9255,0.008648242151
1596,1.7553,5.9255,0.002820078962
1597,1.7553,5.9149,0.002820078962
1598,1.7447,5.9149,0.006392178981
1599,1.7447,5.8936,0.006392178981
1600,1.734,5.8936,0.0005640157924
1601,1.734,5.8723,0.0005640157924
1602,1.7234,5.8723,0.004136115811
1603,1.7234,5.8511,0.004136115811
1604,1.7128,5.8511,0.00770821583
1605,1.7128,5.8404,0.00770821583
1606,1.7021,5.8404,0.001880052641
1607,1.7021,5.8191,0.001880052641
1608,1.6915,5.8191,0.00545215266
1609,1.6915,5.7979,0.00545215266
1610,1.6809,5.7979,0.009024252679
1611,1.6809,5.7872,0.009024252679
1612,1.6702,5.7872,0.003196089491
1613,1.6702,5.7553,0.003196089491
1614,1.6596,5.7553,0.006768189509
1615,1.6596,5.734,0.006768189509
1616,1.6489,5.734,0.0009400263207
1617,1.6489,5.7128,0.0009400263207
1618,1.6383,5.7128,0.00451212634
1619,1.6383,5.6915,0.00451212634
1620,1.6277,5.6915,0.008084226358
1621,1.6277,5.6702,0.008084226358
1622,1.617,5.6702,0.00225606317
1623,1.617,5.6596,0.00225606317
1624,1.6064,5.6596,0.005828163189
1625,1.6064,5.6383,0.005828163189
1626,1.5957,5.6383,0
1627,1.5957,5.6277,0
1628,1.5851,5.6277,0.003572100019
1629,1.5851,5.6064,0.003572100019
1630,1.5745,5.6064,0.007144200038
1631,1.5745,5.5851,0.007144200038
1632,1.5638,5.5851,0.001316036849
1633,1.5638,5.5638,0.001316036849
1634,1.5532,5.5638,0.004888136868
1635,1.5532,5.5319,0.004888136868
1636,1.5426,5.5319,0.008460236887
1637,1.5426,5.5,0.008460236887
1638,1.5319,5.5,0.002632073698
1639,1.5319,5.4787,0.002632073698
1640,1.5213,5.4787,0.006204173717
1641,1.5213,5.4468,0.006204173717
1642,1.5106,5.4468,0.0003760105283
1643,1.5106,5.4255,0.0003760105283
1644,1.5,5.4255,0.003948110547
1645,1.5,5.4043,0.003948110547
1646,1.4894,5.4043,0.007520210566
1647,1.4894,5.383,0.007520210566
1648,1.4787,5.383,0.001692047377
1649,1.4787,5.3511,0.001692047377
1650,1.4681,5.3511,0.005264147396
1651,1.4681,5.3191,0.005264147396
1652,1.4574,5.3191,-0.0005640157924
1653,1.4574,5.2872,-0.0005640157924
1654,1.4468,5.2872,0.003008084226
1655,1.4468,5.2766,0.003008084226
1656,1.4362,5.2766,0.006580184245
1657,1.4362,5.2553,0.006580184245
1658,1.4255,5.2553,0.0007520210566
1659,1.4255,5.234,0.0007520210566
1660,1.4149,5.234,0.004324121075
1661,1.4149,5.2128,0.004324121075
1662,1.4043,5.2128,0.007896221094
1663,1.4043,5.1809,0.007896221094
1664,1.3936,5.1809,0.002068057906
1665,1.3936,5.1702,0.002068057906
1666,1.383,5.1702,0.005640157924
1667,1.383,5.1489,0.005640157924
1668,1.3723,5.1489,-0.0001880052641
1669,1.3723,5.1383,-0.0001880052641
1670,1.3617,5.1383,0.003384094755
1671,1.3617,5.117,0.003384094755
1672,1.3511,5.117,0.006956194773
1673,1.3511,5.0957,0.006956194773
1674,1.3404,5.0957,0.001128031585
1675,1.3404,5.0638,0.001128031585
1676,1.3298,5.0638,0.004700131604
1677,1.3298,5.0319,0.004700131604
1678,1.3191,5.0319,-0.001128031585
1679,1.3191,5.0106,-0.001128031585
1680,1.3085,5.0106,0.002444068434
1681,1.3085,4.9787,0.002444068434
1682,1.2979,4.9787,0.006016168453
1683,1.2979,4.9574,0.006016168453
1684,1.2872,4.9574,0.0001880052641
1685,1.2872,4.9362,0.0001880052641
1686,1.2766,4.9362,0.003760105283
1687,1.2766,4.9149,0.003760105283
1688,1.266,4.9149,0.007332205302
1689,1.266,4.8936,0.007332205302
1690,1.2553,4.8936,0.001504042113
1691,1.2553,4.8511,0.001504042113
1692,1.2447,4.8511,0.005076142132
1693,1.2447,4.8298,0.005076142132
1694,1.234,4.8298,-0.0007520210566
1695,1.234,4.7872,-0.0007520210566
1696,1.2234,4.7872,0.002820078962
1697,1.2234,4.7766,0.002820078962
1698,1.2128,4.7766,0.006392178981
1699,1.2128,4.734,0.006392178981
1700,1.2021,4.734,0.0005640157924
1701,1.2021,4.7021,0.0005640157924
1702,1.1915,4.7021,0.004136115811
1703,1.1915,4.6809,0.004136115811
1704,1.1809,4.6809,0.00770821583
1705,1.1809,4.6702,0.00770821583
1706,1.1702,4.6702,0.001880052641
1707,1.1702,4.6489,0.001880052641
1708,1.1596,4.6489,0.00545215266
1709,1.1596,4.6383,0.00545215266
1710,1.1489,4.6383,-0.0003760105283
1711,1.1489,4.617,-0.0003760105283
1712,1.1383,4.617,0.003196089491
1713,1.1383,4.6064,0.003196089491
1714,1.1277,4.6064,0.006768189509
1715,1.1277,4.5851,0.006768189509
1716,1.117,4.5851,0.0009400263207
1717,1.117,4.5745,0.0009400263207
1718,1.1064,4.5745,0.00451212634
1719,1.1064,4.5532,0.00451212634
1720,1.0957,4.5532,-0.001316036849
1721,1.0957,4.5426,-0.001316036849
1722,1.0851,4.5426,0.00225606317
1723,1.0851,4.5213,0.00225606317
1724,1.0745,4.5213,0.005828163189
1725,1.0745,4.5106,0.005828163189
1726,1.0638,4.5106,0
1727,1.0638,4.4681,0
1728,1.0532,4.4681,0.003572100019
1729,1.0532,4.4468,0.003572100019
1730,1.0638,4.4468,0
1731,1.0638,4.4681,0
1732,1.0745,4.4681,0.005828163189